INSERT INTO "salesperson" ("salesperson_id", "salesperson_name") VALUES
(1,	'Alex'),
(2,	'Barnie'),
(3,	'Cecilia'),
(4,	'Danny'),
(5,	'Edward');

INSERT INTO "customer" ("customer_id", "customer_name", "customer_phone") VALUES
(1, 'Bridget Bennett', '8027804610'),
(2, 'Camelia Baxendale', '4122817333'),
(3, 'Daine Runkle', '3259429999'),
(4, 'Edie Kummer', '3188891852'),
(5, 'Brittaney Lovins', '5018498855'),
(6, 'Gregory Parman', '3174613424'),
(7, 'Taunya Mayberry', '9105418239'),
(8, 'Shantae Rickett', '9094237911'),
(9, 'Mackenzie Mckamie', '8067776323'),
(10, 'Nana Gorby', '3059147576'),
(11, 'Francina Wyble', '6072775656'),
(12, 'Marin Greer', '2038585193'),
(13, 'Liliana Moorehead', '6506799583'),
(14, 'Raven Morejon', '8453350088'),
(15, 'Carie Rozek', '5132323170'),
(16, 'Candi Gracey', '6193181927'),
(17, 'Cortez Stoney', '6036702409'),
(18, 'Else Manseau', '8453599765'),
(19, 'Allen Bickel', '7184174219'),
(20, 'Laci Cardillo', '8312073133');

INSERT INTO "manufacturer" ("manufacturer_id", "manufacturer_name") VALUES
(1, 'BMW'),
(2, 'Toyota'),
(3, 'Honda'),
(4, 'Volvo'),
(5, 'Audi'),
(6, 'Mercedes'),
(7, 'Nissan'),
(8, 'Mazda'),
(9, 'Kia'),
(10, 'Mitsubishi');

INSERT INTO "car" ("car_id", "manufacturer_id", "model_name", "serial_number", "weight", "price") VALUES
(1, 1, 'A100','BMW_A100', 2000, 50030),
(2, 1, 'A200','BMW_A200', 2000, 64065),
(3, 1, 'A300','BMW_A300', 2000, 69065),
(4, 1, 'A400','BMW_A400', 2000, 70358),
(5, 1, 'A500','BMW_A500', 2000, 51838),
(6, 1, 'A600','BMW_A600', 2000, 94241),
(7, 1, 'A700','BMW_A700', 2000, 50125),
(8, 1, 'A800','BMW_A800', 2000, 66902),
(9, 1, 'A900','BMW_A900', 2000, 82383),
(10, 2, 'A100','Toyota_A100', 2000, 56484),
(11, 2, 'A200','Toyota_A200', 2000, 90450),
(12, 2, 'A300','Toyota_A300', 2000, 98113),
(13, 2, 'A400','Toyota_A400', 2000, 95271),
(14, 2, 'A500','Toyota_A500', 2000, 53954),
(15, 2, 'A600','Toyota_A600', 2000, 69734),
(16, 2, 'A700','Toyota_A700', 2000, 78325),
(17, 2, 'A800','Toyota_A800', 2000, 60614),
(18, 2, 'A900','Toyota_A900', 2000, 81596),
(19, 3, 'A100','Honda_A100', 2000, 67000),
(20, 3, 'A200','Honda_A200', 2000, 94924),
(21, 3, 'A300','Honda_A300', 2000, 85550),
(22, 3, 'A400','Honda_A400', 2000, 57429),
(23, 3, 'A500','Honda_A500', 2000, 62625),
(24, 3, 'A600','Honda_A600', 2000, 66712),
(25, 3, 'A700','Honda_A700', 2000, 96441),
(26, 3, 'A800','Honda_A800', 2000, 88399),
(27, 3, 'A900','Honda_A900', 2000, 65349),
(28, 4, 'A100','Volvo_A100', 2000, 77009),
(29, 4, 'A200','Volvo_A200', 2000, 77212),
(30, 4, 'A300','Volvo_A300', 2000, 76117),
(31, 4, 'A400','Volvo_A400', 2000, 69823),
(32, 4, 'A500','Volvo_A500', 2000, 69639),
(33, 4, 'A600','Volvo_A600', 2000, 90698),
(34, 4, 'A700','Volvo_A700', 2000, 61811),
(35, 4, 'A800','Volvo_A800', 2000, 82797),
(36, 4, 'A900','Volvo_A900', 2000, 58491),
(37, 5, 'A100','Audi_A100', 2000, 50687),
(38, 5, 'A200','Audi_A200', 2000, 53786),
(39, 5, 'A300','Audi_A300', 2000, 79608),
(40, 5, 'A400','Audi_A400', 2000, 59406),
(41, 5, 'A500','Audi_A500', 2000, 57938),
(42, 5, 'A600','Audi_A600', 2000, 88330),
(43, 5, 'A700','Audi_A700', 2000, 64332),
(44, 5, 'A800','Audi_A800', 2000, 51343),
(45, 5, 'A900','Audi_A900', 2000, 64430),
(46, 6, 'A100','Mercedes_A100', 2000, 91671),
(47, 6, 'A200','Mercedes_A200', 2000, 87152),
(48, 6, 'A300','Mercedes_A300', 2000, 72239),
(49, 6, 'A400','Mercedes_A400', 2000, 51256),
(50, 6, 'A500','Mercedes_A500', 2000, 57237),
(51, 6, 'A600','Mercedes_A600', 2000, 58353),
(52, 6, 'A700','Mercedes_A700', 2000, 93794),
(53, 6, 'A800','Mercedes_A800', 2000, 88344),
(54, 6, 'A900','Mercedes_A900', 2000, 59589),
(55, 7, 'A100','Nissan_A100', 2000, 90548),
(56, 7, 'A200','Nissan_A200', 2000, 55802),
(57, 7, 'A300','Nissan_A300', 2000, 95892),
(58, 7, 'A400','Nissan_A400', 2000, 66624),
(59, 7, 'A500','Nissan_A500', 2000, 90590),
(60, 7, 'A600','Nissan_A600', 2000, 85219),
(61, 7, 'A700','Nissan_A700', 2000, 89639),
(62, 7, 'A800','Nissan_A800', 2000, 98258),
(63, 7, 'A900','Nissan_A900', 2000, 87883),
(64, 8, 'A100','Mazda_A100', 2000, 90089),
(65, 8, 'A200','Mazda_A200', 2000, 60798),
(66, 8, 'A300','Mazda_A300', 2000, 62963),
(67, 8, 'A400','Mazda_A400', 2000, 71910),
(68, 8, 'A500','Mazda_A500', 2000, 65773),
(69, 8, 'A600','Mazda_A600', 2000, 53380),
(70, 8, 'A700','Mazda_A700', 2000, 85644),
(71, 8, 'A800','Mazda_A800', 2000, 84263),
(72, 8, 'A900','Mazda_A900', 2000, 62377),
(73, 9, 'A100','Kia_A100', 2000, 69049),
(74, 9, 'A200','Kia_A200', 2000, 56288),
(75, 9, 'A300','Kia_A300', 2000, 52293),
(76, 9, 'A400','Kia_A400', 2000, 82637),
(77, 9, 'A500','Kia_A500', 2000, 79156),
(78, 9, 'A600','Kia_A600', 2000, 58295),
(79, 9, 'A700','Kia_A700', 2000, 77661),
(80, 9, 'A800','Kia_A800', 2000, 67555),
(81, 9, 'A900','Kia_A900', 2000, 52392),
(82, 10, 'A100','Mitsubishi_A100', 2000, 76416),
(83, 10, 'A200','Mitsubishi_A200', 2000, 82354),
(84, 10, 'A300','Mitsubishi_A300', 2000, 85377),
(85, 10, 'A400','Mitsubishi_A400', 2000, 75400),
(86, 10, 'A500','Mitsubishi_A500', 2000, 78768),
(87, 10, 'A600','Mitsubishi_A600', 2000, 62795),
(88, 10, 'A700','Mitsubishi_A700', 2000, 76130),
(89, 10, 'A800','Mitsubishi_A800', 2000, 95449),
(90, 10, 'A900','Mitsubishi_A900', 2000, 95175);

INSERT INTO "sales" ("sales_id", "salesperson_id", "car_id", "customer_id", "sales_datetime") VALUES
(1, 2, 78, 4, '2019-04-07 12:05:17.000000+00'),
(2, 4, 72, 11, '2019-04-17 17:49:25.000000+00'),
(3, 5, 6, 3, '2020-07-24 13:17:05.000000+00'),
(4, 5, 62, 9, '2020-11-10 12:32:49.000000+00'),
(5, 5, 73, 20, '2019-08-18 11:23:52.000000+00'),
(6, 3, 87, 18, '2018-09-08 11:37:23.000000+00'),
(7, 3, 28, 13, '2019-11-19 09:42:51.000000+00'),
(8, 1, 81, 3, '2019-09-24 13:32:52.000000+00'),
(9, 1, 36, 5, '2020-06-13 13:04:17.000000+00'),
(10, 3, 60, 17, '2018-06-05 17:28:22.000000+00'),
(11, 4, 38, 4, '2020-04-06 13:30:11.000000+00'),
(12, 1, 77, 19, '2020-09-22 15:41:20.000000+00'),
(13, 2, 3, 13, '2020-12-28 11:22:03.000000+00'),
(14, 5, 1, 18, '2018-02-18 10:44:29.000000+00'),
(15, 5, 48, 12, '2019-03-27 16:29:57.000000+00'),
(16, 5, 71, 4, '2019-08-19 13:50:04.000000+00'),
(17, 3, 62, 1, '2019-09-02 15:01:57.000000+00'),
(18, 1, 76, 15, '2020-01-09 17:55:33.000000+00'),
(19, 2, 37, 12, '2019-07-01 15:00:49.000000+00'),
(20, 1, 12, 17, '2019-12-18 10:08:15.000000+00'),
(21, 1, 2, 7, '2020-02-22 14:35:46.000000+00'),
(22, 3, 15, 9, '2020-01-14 16:52:02.000000+00'),
(23, 4, 90, 13, '2020-07-19 14:01:06.000000+00'),
(24, 5, 79, 13, '2018-04-29 17:02:17.000000+00'),
(25, 5, 67, 10, '2019-07-17 17:14:33.000000+00'),
(26, 1, 41, 5, '2019-04-13 17:48:17.000000+00'),
(27, 3, 61, 16, '2019-12-02 14:40:37.000000+00'),
(28, 1, 2, 20, '2020-11-21 17:45:19.000000+00'),
(29, 4, 26, 8, '2018-01-19 17:55:09.000000+00'),
(30, 3, 12, 1, '2018-03-15 09:03:17.000000+00'),
(31, 1, 16, 7, '2019-01-23 17:40:21.000000+00'),
(32, 2, 42, 10, '2019-11-18 16:21:41.000000+00'),
(33, 1, 34, 14, '2018-11-29 17:40:44.000000+00'),
(34, 1, 63, 19, '2018-09-04 12:40:51.000000+00'),
(35, 3, 80, 18, '2020-05-16 14:44:23.000000+00'),
(36, 5, 36, 9, '2018-03-20 09:03:21.000000+00'),
(37, 2, 26, 13, '2018-11-07 17:39:27.000000+00'),
(38, 3, 70, 2, '2018-12-11 17:11:02.000000+00'),
(39, 3, 65, 20, '2019-11-26 16:10:17.000000+00'),
(40, 1, 29, 1, '2019-12-06 14:20:03.000000+00'),
(41, 1, 85, 15, '2019-05-21 10:12:54.000000+00'),
(42, 4, 55, 20, '2019-02-22 10:12:49.000000+00'),
(43, 2, 62, 19, '2020-02-21 10:12:16.000000+00'),
(44, 4, 24, 18, '2020-04-10 10:01:24.000000+00'),
(45, 3, 81, 2, '2018-08-14 09:47:20.000000+00'),
(46, 5, 6, 9, '2018-11-04 09:12:01.000000+00'),
(47, 1, 13, 1, '2019-06-26 14:30:55.000000+00'),
(48, 1, 48, 4, '2019-01-13 17:50:48.000000+00'),
(49, 4, 1, 7, '2019-12-18 14:13:18.000000+00'),
(50, 1, 68, 10, '2019-03-24 11:24:26.000000+00'),
(51, 3, 15, 8, '2020-03-24 16:12:57.000000+00'),
(52, 3, 25, 17, '2019-03-10 09:27:37.000000+00'),
(53, 3, 66, 4, '2019-06-18 15:45:40.000000+00'),
(54, 4, 51, 7, '2019-10-18 10:30:51.000000+00'),
(55, 5, 9, 6, '2018-12-24 14:49:59.000000+00'),
(56, 1, 87, 5, '2018-01-18 09:02:59.000000+00'),
(57, 3, 58, 18, '2019-02-10 13:47:44.000000+00'),
(58, 4, 24, 20, '2019-12-15 11:27:52.000000+00'),
(59, 3, 60, 6, '2020-12-03 11:05:05.000000+00'),
(60, 1, 71, 2, '2019-12-12 15:11:38.000000+00'),
(61, 3, 23, 20, '2019-06-13 15:44:08.000000+00'),
(62, 1, 73, 8, '2018-04-19 11:29:30.000000+00'),
(63, 3, 23, 8, '2020-08-26 16:36:25.000000+00'),
(64, 1, 41, 2, '2020-01-27 09:30:34.000000+00'),
(65, 3, 87, 16, '2020-10-27 15:44:27.000000+00'),
(66, 4, 66, 12, '2019-07-21 16:48:28.000000+00'),
(67, 2, 34, 14, '2020-09-05 14:05:57.000000+00'),
(68, 2, 2, 17, '2020-07-01 16:32:41.000000+00'),
(69, 1, 52, 19, '2018-04-08 17:59:13.000000+00'),
(70, 5, 9, 16, '2018-01-18 16:45:38.000000+00'),
(71, 2, 39, 20, '2018-05-21 10:37:40.000000+00'),
(72, 3, 68, 5, '2019-05-06 14:48:34.000000+00'),
(73, 4, 87, 9, '2018-08-04 16:31:59.000000+00'),
(74, 5, 25, 15, '2018-12-19 16:01:01.000000+00'),
(75, 3, 81, 5, '2019-11-05 10:17:48.000000+00'),
(76, 3, 68, 13, '2019-02-02 12:09:21.000000+00'),
(77, 4, 30, 12, '2018-05-14 12:35:16.000000+00'),
(78, 5, 57, 14, '2020-04-03 17:33:36.000000+00'),
(79, 4, 23, 3, '2019-12-03 11:15:31.000000+00'),
(80, 1, 46, 6, '2018-03-16 10:18:43.000000+00'),
(81, 1, 31, 19, '2018-02-22 14:56:14.000000+00'),
(82, 5, 79, 20, '2018-01-25 13:34:19.000000+00'),
(83, 5, 5, 9, '2020-05-04 16:14:41.000000+00'),
(84, 5, 83, 19, '2020-06-08 11:13:43.000000+00'),
(85, 3, 28, 10, '2018-03-01 14:19:41.000000+00'),
(86, 1, 81, 9, '2019-11-26 15:59:57.000000+00'),
(87, 3, 72, 7, '2019-07-14 13:53:23.000000+00'),
(88, 2, 58, 9, '2018-03-25 10:32:26.000000+00'),
(89, 3, 5, 9, '2020-10-02 14:40:19.000000+00'),
(90, 2, 76, 8, '2019-04-07 13:59:27.000000+00'),
(91, 4, 7, 3, '2020-06-01 16:38:31.000000+00'),
(92, 4, 2, 11, '2019-03-14 15:04:37.000000+00'),
(93, 2, 32, 15, '2019-12-17 11:07:33.000000+00'),
(94, 4, 15, 14, '2020-09-30 09:59:50.000000+00'),
(95, 1, 61, 19, '2019-10-24 12:26:16.000000+00'),
(96, 2, 43, 5, '2018-11-22 15:59:31.000000+00'),
(97, 2, 34, 5, '2020-11-08 11:46:25.000000+00'),
(98, 3, 36, 12, '2018-04-16 12:20:47.000000+00'),
(99, 4, 27, 18, '2018-10-26 10:30:55.000000+00'),
(100, 3, 82, 1, '2018-11-23 17:27:29.000000+00'),
(101, 2, 3, 8, '2020-06-05 12:30:39.000000+00'),
(102, 3, 33, 4, '2019-03-28 13:03:10.000000+00'),
(103, 4, 24, 2, '2019-09-04 16:15:50.000000+00'),
(104, 1, 42, 18, '2018-02-18 13:32:18.000000+00'),
(105, 4, 50, 5, '2018-11-25 13:35:36.000000+00'),
(106, 1, 52, 17, '2020-01-23 13:27:53.000000+00'),
(107, 3, 87, 14, '2020-10-18 15:59:05.000000+00'),
(108, 2, 80, 13, '2020-08-13 15:35:32.000000+00'),
(109, 4, 43, 8, '2019-01-06 16:17:09.000000+00'),
(110, 5, 80, 19, '2018-03-20 15:41:03.000000+00'),
(111, 3, 45, 6, '2020-06-01 14:59:10.000000+00'),
(112, 2, 45, 14, '2019-01-12 12:58:40.000000+00'),
(113, 1, 8, 14, '2018-01-11 15:37:21.000000+00'),
(114, 2, 79, 13, '2018-04-26 17:04:18.000000+00'),
(115, 3, 6, 16, '2018-08-19 14:25:56.000000+00'),
(116, 5, 74, 14, '2019-11-27 09:50:11.000000+00'),
(117, 4, 46, 4, '2020-02-04 15:56:41.000000+00'),
(118, 1, 54, 13, '2018-06-22 11:40:04.000000+00'),
(119, 4, 53, 3, '2018-10-13 14:02:24.000000+00'),
(120, 5, 65, 1, '2019-07-19 12:53:05.000000+00'),
(121, 2, 2, 12, '2020-12-05 14:28:57.000000+00'),
(122, 3, 12, 9, '2019-12-20 14:39:46.000000+00'),
(123, 1, 76, 15, '2018-11-22 11:20:30.000000+00'),
(124, 1, 71, 15, '2018-10-11 14:35:48.000000+00'),
(125, 3, 14, 8, '2018-02-25 14:38:25.000000+00'),
(126, 2, 90, 8, '2019-03-05 12:38:27.000000+00'),
(127, 4, 10, 11, '2019-07-25 09:52:40.000000+00'),
(128, 2, 15, 20, '2020-06-20 16:51:03.000000+00'),
(129, 2, 9, 16, '2018-03-24 14:34:06.000000+00'),
(130, 1, 69, 9, '2019-02-17 10:24:51.000000+00'),
(131, 4, 8, 2, '2020-06-25 14:30:42.000000+00'),
(132, 5, 32, 20, '2019-09-28 09:10:06.000000+00'),
(133, 3, 32, 9, '2019-12-15 14:46:38.000000+00'),
(134, 1, 46, 1, '2019-11-25 14:53:28.000000+00'),
(135, 3, 73, 18, '2018-08-05 10:25:39.000000+00'),
(136, 2, 7, 2, '2019-03-10 10:08:44.000000+00'),
(137, 2, 40, 20, '2019-04-30 17:38:17.000000+00'),
(138, 1, 67, 16, '2019-12-28 12:44:08.000000+00'),
(139, 2, 53, 20, '2018-05-06 14:18:01.000000+00'),
(140, 4, 5, 14, '2020-12-04 11:24:18.000000+00'),
(141, 3, 4, 11, '2018-06-04 17:39:22.000000+00'),
(142, 2, 43, 7, '2018-12-22 16:55:05.000000+00'),
(143, 3, 81, 13, '2018-09-27 13:50:30.000000+00'),
(144, 2, 84, 13, '2020-12-18 12:06:10.000000+00'),
(145, 3, 5, 2, '2020-07-30 13:44:22.000000+00'),
(146, 2, 40, 1, '2020-03-18 10:07:24.000000+00'),
(147, 1, 67, 12, '2019-11-20 13:44:11.000000+00'),
(148, 2, 68, 5, '2020-01-02 15:54:54.000000+00'),
(149, 2, 33, 1, '2020-06-22 13:18:44.000000+00'),
(150, 2, 69, 2, '2020-02-03 15:38:12.000000+00'),
(151, 3, 78, 19, '2020-10-17 14:18:57.000000+00'),
(152, 4, 74, 1, '2020-05-15 09:02:32.000000+00'),
(153, 4, 67, 19, '2018-09-13 17:26:42.000000+00'),
(154, 4, 6, 13, '2020-04-25 13:31:46.000000+00'),
(155, 2, 84, 14, '2019-10-15 17:37:45.000000+00'),
(156, 5, 65, 7, '2018-06-18 15:58:36.000000+00'),
(157, 3, 24, 17, '2018-01-16 09:27:10.000000+00'),
(158, 2, 42, 11, '2019-06-30 13:03:54.000000+00'),
(159, 4, 89, 19, '2018-05-21 13:23:52.000000+00'),
(160, 4, 28, 3, '2019-12-02 14:00:46.000000+00'),
(161, 4, 43, 15, '2019-05-01 13:53:29.000000+00'),
(162, 4, 48, 5, '2020-11-17 12:22:45.000000+00'),
(163, 3, 81, 6, '2018-06-02 10:03:14.000000+00'),
(164, 5, 34, 10, '2020-12-03 12:11:29.000000+00'),
(165, 1, 67, 15, '2018-04-25 11:54:05.000000+00'),
(166, 1, 23, 7, '2019-11-04 16:07:45.000000+00'),
(167, 3, 36, 6, '2020-08-24 16:23:54.000000+00'),
(168, 4, 39, 3, '2019-11-07 11:30:17.000000+00'),
(169, 3, 27, 18, '2020-01-11 16:04:31.000000+00'),
(170, 4, 55, 19, '2018-10-28 15:51:19.000000+00'),
(171, 4, 18, 1, '2018-11-02 17:06:43.000000+00'),
(172, 1, 71, 4, '2018-02-03 17:02:21.000000+00'),
(173, 3, 35, 14, '2019-05-30 16:03:32.000000+00'),
(174, 4, 48, 3, '2018-02-16 11:41:13.000000+00'),
(175, 5, 50, 4, '2018-06-27 17:04:46.000000+00'),
(176, 3, 90, 7, '2018-09-01 10:53:29.000000+00'),
(177, 1, 2, 18, '2018-12-10 17:10:51.000000+00'),
(178, 5, 77, 5, '2018-06-09 10:21:09.000000+00'),
(179, 4, 25, 11, '2020-10-27 16:56:35.000000+00'),
(180, 2, 49, 1, '2020-12-25 12:25:28.000000+00'),
(181, 5, 80, 10, '2018-12-05 09:59:56.000000+00'),
(182, 5, 60, 3, '2018-06-10 14:17:42.000000+00'),
(183, 4, 33, 16, '2020-12-15 12:33:53.000000+00'),
(184, 3, 53, 11, '2020-10-26 10:01:34.000000+00'),
(185, 1, 64, 12, '2019-01-08 16:01:57.000000+00'),
(186, 5, 9, 8, '2018-04-11 16:11:10.000000+00'),
(187, 3, 15, 15, '2020-11-11 15:30:04.000000+00'),
(188, 5, 80, 11, '2020-06-17 13:11:04.000000+00'),
(189, 5, 90, 4, '2020-08-10 16:58:26.000000+00'),
(190, 3, 60, 6, '2019-10-02 16:53:01.000000+00'),
(191, 5, 54, 14, '2020-02-18 09:45:47.000000+00'),
(192, 5, 69, 17, '2020-11-21 14:05:57.000000+00'),
(193, 4, 5, 8, '2020-08-17 09:35:32.000000+00'),
(194, 4, 21, 12, '2018-10-11 11:03:32.000000+00'),
(195, 4, 66, 8, '2018-12-25 14:20:27.000000+00'),
(196, 3, 55, 2, '2019-09-26 16:02:41.000000+00'),
(197, 1, 5, 15, '2020-11-08 12:36:14.000000+00'),
(198, 1, 54, 5, '2020-10-26 10:16:03.000000+00'),
(199, 3, 2, 16, '2020-12-03 13:21:43.000000+00'),
(200, 2, 80, 18, '2019-09-21 17:26:10.000000+00'),
(201, 2, 12, 1, '2019-03-15 15:12:48.000000+00'),
(202, 2, 78, 8, '2019-09-23 10:43:59.000000+00'),
(203, 1, 71, 3, '2019-02-12 11:22:19.000000+00'),
(204, 2, 56, 4, '2018-05-30 13:36:40.000000+00'),
(205, 2, 28, 1, '2020-02-14 09:26:04.000000+00'),
(206, 3, 80, 13, '2020-01-14 10:16:48.000000+00'),
(207, 5, 15, 6, '2018-12-04 12:07:46.000000+00'),
(208, 3, 37, 19, '2018-09-18 15:39:56.000000+00'),
(209, 5, 27, 18, '2020-01-15 10:24:34.000000+00'),
(210, 4, 11, 15, '2019-05-25 12:28:52.000000+00'),
(211, 2, 6, 3, '2020-03-22 16:10:18.000000+00'),
(212, 4, 12, 10, '2018-12-15 12:59:25.000000+00'),
(213, 5, 16, 19, '2020-05-29 10:43:45.000000+00'),
(214, 3, 54, 2, '2020-02-18 14:26:55.000000+00'),
(215, 2, 1, 18, '2018-09-24 14:40:37.000000+00'),
(216, 4, 10, 2, '2020-07-12 12:28:03.000000+00'),
(217, 4, 19, 13, '2020-01-01 09:38:07.000000+00'),
(218, 5, 56, 4, '2019-07-08 15:30:02.000000+00'),
(219, 3, 67, 13, '2020-02-23 17:37:25.000000+00'),
(220, 4, 78, 1, '2018-06-19 11:33:38.000000+00'),
(221, 5, 82, 18, '2020-08-23 16:09:39.000000+00'),
(222, 4, 47, 15, '2019-01-02 11:29:37.000000+00'),
(223, 2, 32, 13, '2018-06-03 13:59:09.000000+00'),
(224, 3, 89, 6, '2020-11-02 12:26:08.000000+00'),
(225, 2, 72, 12, '2020-10-30 13:03:50.000000+00'),
(226, 5, 48, 11, '2020-02-24 11:28:36.000000+00'),
(227, 5, 8, 8, '2020-06-15 15:05:07.000000+00'),
(228, 4, 72, 13, '2019-04-14 09:37:21.000000+00'),
(229, 3, 57, 15, '2018-03-02 15:38:21.000000+00'),
(230, 2, 58, 2, '2018-05-25 16:15:08.000000+00'),
(231, 3, 84, 2, '2019-03-19 10:39:10.000000+00'),
(232, 4, 15, 8, '2019-03-06 16:23:55.000000+00'),
(233, 5, 73, 17, '2019-08-11 10:49:18.000000+00'),
(234, 3, 41, 20, '2018-10-22 16:58:37.000000+00'),
(235, 3, 78, 10, '2018-05-23 15:31:56.000000+00'),
(236, 5, 22, 13, '2019-01-03 11:51:44.000000+00'),
(237, 5, 10, 8, '2020-11-25 15:58:14.000000+00'),
(238, 1, 3, 12, '2020-08-01 16:17:42.000000+00'),
(239, 2, 13, 7, '2019-04-26 13:58:09.000000+00'),
(240, 5, 77, 12, '2020-04-14 09:22:49.000000+00'),
(241, 4, 42, 13, '2020-11-09 13:53:19.000000+00'),
(242, 2, 47, 7, '2019-03-17 09:59:42.000000+00'),
(243, 5, 12, 12, '2020-07-06 10:12:56.000000+00'),
(244, 2, 21, 9, '2019-09-27 15:27:23.000000+00'),
(245, 2, 35, 15, '2019-06-12 14:24:22.000000+00'),
(246, 3, 56, 12, '2018-01-09 14:31:02.000000+00'),
(247, 4, 19, 12, '2018-06-15 14:27:57.000000+00'),
(248, 3, 76, 9, '2018-09-08 13:05:52.000000+00'),
(249, 4, 38, 12, '2018-08-03 17:33:15.000000+00'),
(250, 2, 63, 19, '2019-04-25 09:57:43.000000+00'),
(251, 3, 11, 20, '2018-01-05 10:40:13.000000+00'),
(252, 4, 47, 7, '2019-09-05 16:41:41.000000+00'),
(253, 4, 66, 15, '2018-02-20 11:17:58.000000+00'),
(254, 4, 79, 17, '2019-05-14 16:04:21.000000+00'),
(255, 4, 58, 19, '2018-12-01 17:24:32.000000+00'),
(256, 3, 28, 12, '2018-10-01 13:17:46.000000+00'),
(257, 1, 1, 2, '2019-11-11 10:33:15.000000+00'),
(258, 1, 13, 20, '2020-04-11 14:47:32.000000+00'),
(259, 2, 54, 7, '2018-12-10 11:05:15.000000+00'),
(260, 2, 27, 19, '2018-02-11 14:26:12.000000+00'),
(261, 2, 1, 7, '2019-06-23 14:18:25.000000+00'),
(262, 2, 28, 11, '2020-06-07 09:15:31.000000+00'),
(263, 5, 62, 2, '2020-07-30 14:16:49.000000+00'),
(264, 1, 21, 20, '2018-08-22 11:18:28.000000+00'),
(265, 5, 90, 1, '2020-04-18 15:35:47.000000+00'),
(266, 2, 58, 1, '2019-05-23 11:10:04.000000+00'),
(267, 2, 9, 4, '2018-10-09 16:54:13.000000+00'),
(268, 5, 89, 5, '2018-03-18 10:14:34.000000+00'),
(269, 1, 9, 13, '2020-04-05 14:47:39.000000+00'),
(270, 2, 90, 6, '2020-08-11 16:14:32.000000+00'),
(271, 3, 77, 17, '2020-06-08 11:21:10.000000+00'),
(272, 4, 47, 10, '2019-11-16 16:09:37.000000+00'),
(273, 3, 28, 6, '2020-11-26 13:29:58.000000+00'),
(274, 2, 73, 12, '2020-08-09 13:55:44.000000+00'),
(275, 1, 39, 6, '2019-04-03 15:56:46.000000+00'),
(276, 3, 60, 10, '2019-03-23 11:01:22.000000+00'),
(277, 4, 53, 12, '2018-12-16 15:34:53.000000+00'),
(278, 2, 65, 6, '2020-09-19 09:34:22.000000+00'),
(279, 4, 71, 5, '2020-10-05 09:28:54.000000+00'),
(280, 1, 53, 16, '2018-12-28 11:18:25.000000+00'),
(281, 5, 79, 13, '2018-12-05 10:42:18.000000+00'),
(282, 4, 23, 1, '2019-04-15 14:49:29.000000+00'),
(283, 2, 11, 8, '2020-12-20 16:02:39.000000+00'),
(284, 2, 50, 3, '2018-10-19 10:02:06.000000+00'),
(285, 1, 81, 17, '2020-02-05 10:04:59.000000+00'),
(286, 3, 84, 3, '2020-12-01 14:10:52.000000+00'),
(287, 4, 68, 18, '2018-12-09 10:25:49.000000+00'),
(288, 5, 14, 20, '2018-03-16 14:02:38.000000+00'),
(289, 4, 4, 9, '2019-01-08 11:57:30.000000+00'),
(290, 2, 53, 18, '2019-01-07 16:01:07.000000+00'),
(291, 5, 52, 7, '2020-08-04 10:36:26.000000+00'),
(292, 5, 60, 9, '2020-05-05 12:45:56.000000+00'),
(293, 1, 83, 4, '2018-06-24 09:33:22.000000+00'),
(294, 2, 35, 11, '2020-03-13 12:10:02.000000+00'),
(295, 2, 69, 17, '2018-02-07 17:26:20.000000+00'),
(296, 3, 69, 13, '2019-06-11 11:40:57.000000+00'),
(297, 1, 49, 9, '2020-06-24 17:21:29.000000+00'),
(298, 5, 22, 11, '2018-01-22 09:30:21.000000+00'),
(299, 3, 63, 2, '2018-10-21 17:51:10.000000+00'),
(300, 5, 52, 12, '2018-04-27 16:02:47.000000+00'),
(301, 3, 83, 17, '2019-01-14 15:12:46.000000+00'),
(302, 3, 16, 1, '2018-08-05 17:32:15.000000+00'),
(303, 5, 24, 11, '2019-03-23 17:05:58.000000+00'),
(304, 1, 63, 7, '2019-07-12 12:46:46.000000+00'),
(305, 3, 75, 15, '2020-12-11 14:00:41.000000+00'),
(306, 2, 30, 3, '2020-10-12 12:14:17.000000+00'),
(307, 5, 9, 12, '2018-06-11 10:24:01.000000+00'),
(308, 3, 39, 13, '2020-06-18 17:07:24.000000+00'),
(309, 2, 8, 9, '2019-01-11 16:26:16.000000+00'),
(310, 2, 22, 2, '2020-12-25 12:04:14.000000+00'),
(311, 3, 12, 17, '2020-03-09 15:28:49.000000+00'),
(312, 1, 26, 16, '2018-09-28 13:22:19.000000+00'),
(313, 2, 53, 1, '2018-11-28 15:15:26.000000+00'),
(314, 4, 40, 13, '2018-10-05 14:01:27.000000+00'),
(315, 2, 66, 3, '2020-12-27 12:53:29.000000+00'),
(316, 3, 24, 20, '2020-03-14 10:28:33.000000+00'),
(317, 2, 77, 20, '2019-05-20 14:10:57.000000+00'),
(318, 3, 52, 1, '2019-10-11 15:02:43.000000+00'),
(319, 5, 64, 16, '2019-05-14 10:16:10.000000+00'),
(320, 3, 90, 10, '2018-11-15 13:49:06.000000+00'),
(321, 4, 51, 10, '2018-07-20 11:38:04.000000+00'),
(322, 5, 88, 12, '2019-08-09 11:59:39.000000+00'),
(323, 3, 26, 17, '2018-11-04 09:58:27.000000+00'),
(324, 1, 53, 20, '2020-08-05 14:40:30.000000+00'),
(325, 1, 14, 20, '2019-03-16 10:53:01.000000+00'),
(326, 3, 84, 20, '2018-06-08 10:56:22.000000+00'),
(327, 3, 45, 18, '2019-10-16 17:07:32.000000+00'),
(328, 1, 16, 15, '2018-03-18 13:28:57.000000+00'),
(329, 1, 31, 17, '2019-09-14 17:41:15.000000+00'),
(330, 2, 65, 11, '2020-10-16 15:18:25.000000+00'),
(331, 5, 58, 6, '2019-03-21 10:14:22.000000+00'),
(332, 4, 77, 6, '2020-03-25 09:31:31.000000+00'),
(333, 5, 60, 15, '2019-04-05 11:09:46.000000+00'),
(334, 3, 50, 14, '2018-01-01 14:37:22.000000+00'),
(335, 3, 82, 4, '2018-10-26 09:52:26.000000+00'),
(336, 4, 59, 3, '2019-03-14 11:40:42.000000+00'),
(337, 1, 90, 2, '2019-02-28 12:02:37.000000+00'),
(338, 1, 18, 1, '2019-02-18 17:35:30.000000+00'),
(339, 1, 80, 13, '2020-10-05 15:16:46.000000+00'),
(340, 5, 21, 18, '2020-05-03 10:55:28.000000+00'),
(341, 3, 50, 17, '2019-09-04 09:36:36.000000+00'),
(342, 4, 36, 19, '2018-08-30 11:46:31.000000+00'),
(343, 1, 39, 9, '2018-06-07 11:07:33.000000+00'),
(344, 2, 82, 5, '2018-12-11 15:19:23.000000+00'),
(345, 1, 74, 6, '2019-04-13 10:49:22.000000+00'),
(346, 2, 43, 12, '2018-10-05 15:26:43.000000+00'),
(347, 4, 23, 3, '2018-10-16 14:54:26.000000+00'),
(348, 3, 47, 10, '2020-06-23 13:15:54.000000+00'),
(349, 3, 60, 7, '2020-05-13 17:35:07.000000+00'),
(350, 4, 83, 12, '2020-02-03 15:21:17.000000+00'),
(351, 4, 73, 20, '2019-05-03 10:46:19.000000+00'),
(352, 1, 53, 7, '2020-12-13 09:09:20.000000+00'),
(353, 3, 83, 12, '2019-02-14 17:43:06.000000+00'),
(354, 3, 81, 7, '2020-11-06 12:23:20.000000+00'),
(355, 3, 74, 11, '2018-06-16 09:03:27.000000+00'),
(356, 2, 48, 7, '2020-11-26 11:43:03.000000+00'),
(357, 5, 18, 7, '2020-06-01 13:57:21.000000+00'),
(358, 2, 3, 9, '2019-12-15 13:11:46.000000+00'),
(359, 3, 77, 11, '2019-09-28 15:45:58.000000+00'),
(360, 3, 48, 2, '2020-02-21 17:32:59.000000+00'),
(361, 5, 64, 15, '2018-06-25 17:55:42.000000+00'),
(362, 4, 49, 8, '2018-08-28 09:49:22.000000+00'),
(363, 1, 89, 16, '2018-05-13 10:22:18.000000+00'),
(364, 4, 27, 18, '2020-03-20 11:36:47.000000+00'),
(365, 3, 14, 8, '2018-10-13 13:11:17.000000+00'),
(366, 3, 21, 15, '2018-11-06 09:02:21.000000+00'),
(367, 5, 54, 14, '2020-08-07 09:58:42.000000+00'),
(368, 3, 77, 18, '2019-11-11 09:45:20.000000+00'),
(369, 5, 35, 16, '2020-04-01 11:44:20.000000+00'),
(370, 5, 61, 19, '2020-09-13 17:35:29.000000+00'),
(371, 4, 64, 13, '2019-03-19 13:05:39.000000+00'),
(372, 2, 69, 6, '2020-08-17 12:59:14.000000+00'),
(373, 1, 6, 15, '2019-05-04 10:13:42.000000+00'),
(374, 5, 68, 18, '2019-12-26 09:15:37.000000+00'),
(375, 3, 6, 8, '2018-09-10 10:22:45.000000+00'),
(376, 4, 88, 14, '2018-07-09 17:07:04.000000+00'),
(377, 2, 86, 14, '2018-04-29 13:29:01.000000+00'),
(378, 2, 42, 4, '2020-09-15 13:41:11.000000+00'),
(379, 4, 10, 13, '2018-03-13 16:13:59.000000+00'),
(380, 2, 24, 11, '2019-06-10 17:26:52.000000+00'),
(381, 2, 12, 6, '2020-12-12 11:01:02.000000+00'),
(382, 5, 5, 19, '2020-02-18 15:08:58.000000+00'),
(383, 5, 58, 7, '2020-09-15 17:21:01.000000+00'),
(384, 1, 54, 8, '2020-05-19 11:05:34.000000+00'),
(385, 5, 79, 17, '2018-12-02 09:54:02.000000+00'),
(386, 1, 31, 20, '2019-11-29 14:14:12.000000+00'),
(387, 4, 57, 19, '2018-05-30 11:16:05.000000+00'),
(388, 4, 59, 3, '2020-01-09 11:31:16.000000+00'),
(389, 1, 30, 14, '2019-11-05 10:07:19.000000+00'),
(390, 5, 66, 18, '2018-10-16 15:57:06.000000+00'),
(391, 5, 39, 8, '2020-03-02 13:19:20.000000+00'),
(392, 2, 2, 14, '2018-03-22 12:45:32.000000+00'),
(393, 3, 48, 17, '2020-05-16 10:36:15.000000+00'),
(394, 5, 60, 18, '2020-10-04 09:20:29.000000+00'),
(395, 4, 41, 10, '2018-08-10 15:48:25.000000+00'),
(396, 2, 60, 12, '2019-08-29 13:29:02.000000+00'),
(397, 2, 36, 13, '2020-02-03 16:09:31.000000+00'),
(398, 2, 13, 1, '2020-04-12 16:23:42.000000+00'),
(399, 1, 28, 17, '2020-02-18 14:43:35.000000+00'),
(400, 3, 41, 19, '2019-07-27 09:00:10.000000+00'),
(401, 1, 2, 6, '2018-09-09 16:27:57.000000+00'),
(402, 4, 5, 1, '2019-11-06 13:14:15.000000+00'),
(403, 2, 75, 8, '2020-08-15 13:56:17.000000+00'),
(404, 5, 45, 16, '2020-05-06 13:44:04.000000+00'),
(405, 4, 24, 8, '2019-01-20 10:35:40.000000+00'),
(406, 2, 29, 3, '2020-05-30 12:14:12.000000+00'),
(407, 5, 62, 10, '2019-08-01 15:57:32.000000+00'),
(408, 4, 70, 5, '2020-03-13 09:12:47.000000+00'),
(409, 4, 55, 12, '2018-03-18 17:25:26.000000+00'),
(410, 2, 39, 1, '2020-06-25 17:45:53.000000+00'),
(411, 1, 23, 2, '2018-09-08 15:46:57.000000+00'),
(412, 5, 43, 7, '2018-07-14 17:23:43.000000+00'),
(413, 4, 13, 19, '2018-11-02 12:21:27.000000+00'),
(414, 4, 55, 16, '2018-10-02 13:07:18.000000+00'),
(415, 3, 3, 3, '2019-01-25 11:51:24.000000+00'),
(416, 2, 42, 17, '2019-08-22 16:37:13.000000+00'),
(417, 2, 20, 12, '2019-03-04 13:53:12.000000+00'),
(418, 3, 49, 2, '2018-07-01 15:07:28.000000+00'),
(419, 1, 14, 14, '2020-04-13 16:25:34.000000+00'),
(420, 4, 63, 12, '2020-04-07 13:19:03.000000+00'),
(421, 2, 22, 12, '2020-06-25 15:13:28.000000+00'),
(422, 2, 64, 8, '2018-03-15 15:19:44.000000+00'),
(423, 1, 90, 4, '2019-09-28 11:36:41.000000+00'),
(424, 3, 64, 11, '2020-09-11 15:45:22.000000+00'),
(425, 2, 26, 7, '2020-04-23 16:51:11.000000+00'),
(426, 4, 43, 4, '2019-08-25 15:08:59.000000+00'),
(427, 4, 39, 16, '2020-03-09 17:46:29.000000+00'),
(428, 4, 56, 16, '2018-02-09 16:21:05.000000+00'),
(429, 1, 57, 13, '2018-07-14 11:29:26.000000+00'),
(430, 1, 35, 10, '2018-02-26 15:17:26.000000+00'),
(431, 1, 35, 18, '2020-07-23 09:44:02.000000+00'),
(432, 5, 14, 18, '2018-09-09 13:24:18.000000+00'),
(433, 3, 52, 18, '2020-12-24 10:47:36.000000+00'),
(434, 2, 11, 19, '2018-11-26 11:53:48.000000+00'),
(435, 2, 8, 10, '2020-10-25 09:07:07.000000+00'),
(436, 4, 66, 9, '2019-10-01 17:03:22.000000+00'),
(437, 2, 35, 17, '2018-03-08 10:15:33.000000+00'),
(438, 2, 29, 3, '2018-01-01 16:36:47.000000+00'),
(439, 4, 6, 17, '2019-02-22 13:59:33.000000+00'),
(440, 2, 14, 5, '2018-09-18 12:47:52.000000+00'),
(441, 5, 86, 13, '2019-10-06 11:39:50.000000+00'),
(442, 1, 87, 13, '2019-09-18 12:47:20.000000+00'),
(443, 3, 64, 15, '2020-06-25 17:32:01.000000+00'),
(444, 1, 25, 15, '2018-01-25 14:41:44.000000+00'),
(445, 5, 43, 4, '2020-05-06 15:24:05.000000+00'),
(446, 5, 39, 18, '2019-07-17 15:19:20.000000+00'),
(447, 3, 24, 8, '2020-01-14 11:28:33.000000+00'),
(448, 4, 21, 16, '2020-08-30 11:03:20.000000+00'),
(449, 3, 81, 19, '2019-09-29 17:31:17.000000+00'),
(450, 1, 39, 20, '2019-01-10 09:10:42.000000+00'),
(451, 4, 42, 10, '2018-02-13 15:21:29.000000+00'),
(452, 4, 26, 19, '2019-02-07 15:36:18.000000+00'),
(453, 3, 33, 2, '2019-01-12 10:03:25.000000+00'),
(454, 1, 86, 17, '2018-08-08 14:04:48.000000+00'),
(455, 4, 74, 19, '2018-02-12 09:36:26.000000+00'),
(456, 3, 63, 7, '2018-06-01 16:55:02.000000+00'),
(457, 5, 29, 8, '2020-02-09 15:12:13.000000+00'),
(458, 1, 41, 9, '2018-08-27 14:53:55.000000+00'),
(459, 1, 85, 1, '2019-01-06 13:10:57.000000+00'),
(460, 3, 70, 11, '2019-07-24 12:08:49.000000+00'),
(461, 5, 81, 11, '2019-04-10 15:40:16.000000+00'),
(462, 5, 79, 18, '2020-12-12 09:04:10.000000+00'),
(463, 3, 76, 11, '2019-03-20 10:30:14.000000+00'),
(464, 3, 66, 8, '2018-06-11 10:19:22.000000+00'),
(465, 2, 85, 4, '2020-01-20 12:02:05.000000+00'),
(466, 3, 57, 17, '2020-01-18 09:16:55.000000+00'),
(467, 1, 86, 7, '2020-05-30 14:42:46.000000+00'),
(468, 2, 61, 9, '2020-07-14 15:52:04.000000+00'),
(469, 4, 7, 14, '2019-03-26 11:33:20.000000+00'),
(470, 5, 77, 9, '2018-09-28 10:43:20.000000+00'),
(471, 5, 69, 2, '2018-12-28 15:56:27.000000+00'),
(472, 4, 22, 19, '2020-05-25 15:28:39.000000+00'),
(473, 4, 23, 5, '2018-02-24 12:27:15.000000+00'),
(474, 3, 77, 2, '2018-09-12 16:27:33.000000+00'),
(475, 4, 1, 10, '2020-07-27 16:58:47.000000+00'),
(476, 5, 68, 11, '2019-12-30 13:02:15.000000+00'),
(477, 3, 6, 9, '2018-05-21 13:41:22.000000+00'),
(478, 1, 9, 11, '2019-10-22 09:11:35.000000+00'),
(479, 5, 15, 2, '2019-06-25 14:46:29.000000+00'),
(480, 5, 37, 8, '2018-01-07 10:01:08.000000+00'),
(481, 3, 5, 7, '2019-08-19 10:45:55.000000+00'),
(482, 1, 37, 11, '2018-07-21 10:07:29.000000+00'),
(483, 1, 50, 14, '2018-03-30 14:59:58.000000+00'),
(484, 3, 66, 11, '2020-11-09 11:38:51.000000+00'),
(485, 5, 24, 6, '2019-11-06 11:12:35.000000+00'),
(486, 5, 50, 12, '2019-12-28 15:51:22.000000+00'),
(487, 4, 90, 9, '2018-07-15 10:01:23.000000+00'),
(488, 2, 15, 12, '2019-11-17 10:08:14.000000+00'),
(489, 1, 47, 11, '2018-03-18 16:30:04.000000+00'),
(490, 5, 69, 1, '2020-11-17 10:01:33.000000+00'),
(491, 3, 30, 1, '2019-11-03 10:45:39.000000+00'),
(492, 3, 56, 16, '2019-11-23 11:21:20.000000+00'),
(493, 2, 30, 16, '2020-11-17 17:32:17.000000+00'),
(494, 3, 77, 6, '2020-11-23 17:21:55.000000+00'),
(495, 5, 72, 8, '2018-06-22 10:33:27.000000+00'),
(496, 5, 57, 2, '2020-08-06 13:09:48.000000+00'),
(497, 5, 24, 12, '2018-04-18 14:16:17.000000+00'),
(498, 4, 19, 1, '2020-12-17 09:04:08.000000+00'),
(499, 5, 9, 10, '2018-04-24 13:55:05.000000+00'),
(500, 5, 66, 10, '2018-04-03 10:00:03.000000+00'),
(501, 2, 74, 18, '2019-06-30 13:10:07.000000+00'),
(502, 1, 59, 14, '2018-03-25 12:14:53.000000+00'),
(503, 1, 48, 14, '2019-04-07 09:45:10.000000+00'),
(504, 5, 50, 9, '2019-09-30 13:12:39.000000+00'),
(505, 2, 71, 11, '2019-01-06 11:40:52.000000+00'),
(506, 3, 59, 3, '2018-08-27 15:19:28.000000+00'),
(507, 1, 46, 16, '2018-07-28 10:31:52.000000+00'),
(508, 3, 83, 6, '2020-05-29 09:51:24.000000+00'),
(509, 2, 69, 11, '2019-07-18 17:33:33.000000+00'),
(510, 5, 14, 9, '2020-02-10 09:22:41.000000+00'),
(511, 5, 67, 3, '2018-02-20 17:34:57.000000+00'),
(512, 5, 73, 16, '2020-10-24 09:55:23.000000+00'),
(513, 2, 90, 4, '2020-10-11 13:18:30.000000+00'),
(514, 1, 37, 7, '2019-02-08 14:50:17.000000+00'),
(515, 2, 89, 9, '2018-01-27 10:48:15.000000+00'),
(516, 3, 78, 12, '2018-03-14 10:02:31.000000+00'),
(517, 3, 84, 9, '2018-03-08 17:51:29.000000+00'),
(518, 1, 41, 1, '2018-02-27 09:26:38.000000+00'),
(519, 3, 39, 10, '2019-10-17 11:33:01.000000+00'),
(520, 4, 47, 16, '2019-02-24 16:58:09.000000+00'),
(521, 2, 83, 4, '2019-04-16 17:18:36.000000+00'),
(522, 2, 79, 1, '2018-02-10 13:40:20.000000+00'),
(523, 3, 68, 8, '2018-04-03 12:30:51.000000+00'),
(524, 3, 3, 15, '2020-07-18 14:46:01.000000+00'),
(525, 5, 38, 18, '2018-01-19 09:57:08.000000+00'),
(526, 2, 43, 12, '2018-03-05 13:37:36.000000+00'),
(527, 1, 28, 17, '2018-04-30 15:55:22.000000+00'),
(528, 2, 5, 2, '2019-05-06 13:49:55.000000+00'),
(529, 5, 74, 3, '2019-01-08 17:55:57.000000+00'),
(530, 3, 21, 18, '2019-01-02 14:03:18.000000+00'),
(531, 3, 2, 11, '2019-10-22 15:59:11.000000+00'),
(532, 5, 17, 19, '2020-07-21 13:10:12.000000+00'),
(533, 1, 58, 7, '2018-10-15 15:15:09.000000+00'),
(534, 2, 83, 2, '2018-02-25 15:06:46.000000+00'),
(535, 4, 35, 14, '2018-02-25 14:54:56.000000+00'),
(536, 5, 77, 16, '2019-07-30 15:21:25.000000+00'),
(537, 5, 27, 19, '2020-01-26 10:36:56.000000+00'),
(538, 5, 75, 20, '2018-01-21 11:49:25.000000+00'),
(539, 2, 56, 15, '2019-06-05 17:39:35.000000+00'),
(540, 2, 64, 13, '2020-09-09 17:36:35.000000+00'),
(541, 2, 15, 19, '2019-07-15 12:33:47.000000+00'),
(542, 4, 58, 10, '2019-06-18 17:17:39.000000+00'),
(543, 1, 88, 3, '2019-09-16 12:04:28.000000+00'),
(544, 5, 88, 7, '2020-02-01 11:24:15.000000+00'),
(545, 3, 31, 8, '2020-11-24 13:41:13.000000+00'),
(546, 4, 45, 1, '2019-07-16 12:06:26.000000+00'),
(547, 3, 61, 17, '2019-11-29 13:43:54.000000+00'),
(548, 1, 88, 7, '2018-07-02 10:33:51.000000+00'),
(549, 3, 89, 10, '2019-04-07 13:00:56.000000+00'),
(550, 1, 83, 11, '2018-02-18 11:06:58.000000+00'),
(551, 3, 76, 9, '2020-05-27 15:40:08.000000+00'),
(552, 5, 25, 18, '2018-12-19 09:34:38.000000+00'),
(553, 2, 18, 7, '2018-03-20 16:15:55.000000+00'),
(554, 5, 79, 10, '2020-12-13 11:32:43.000000+00'),
(555, 3, 37, 15, '2018-01-27 13:08:00.000000+00'),
(556, 1, 2, 9, '2020-09-20 12:12:37.000000+00'),
(557, 1, 61, 14, '2018-01-16 12:17:55.000000+00'),
(558, 3, 67, 15, '2018-11-20 14:45:11.000000+00'),
(559, 2, 64, 12, '2019-11-28 12:07:30.000000+00'),
(560, 5, 2, 20, '2018-07-08 17:38:48.000000+00'),
(561, 5, 6, 6, '2019-11-18 10:09:21.000000+00'),
(562, 3, 56, 3, '2019-07-10 10:05:17.000000+00'),
(563, 4, 55, 20, '2019-10-23 17:28:40.000000+00'),
(564, 3, 42, 10, '2020-06-18 17:31:54.000000+00'),
(565, 5, 34, 9, '2019-07-11 15:43:24.000000+00'),
(566, 2, 87, 19, '2019-01-14 09:19:08.000000+00'),
(567, 1, 22, 7, '2020-11-02 10:15:28.000000+00'),
(568, 5, 57, 6, '2020-07-26 15:40:13.000000+00'),
(569, 3, 56, 14, '2020-06-17 11:43:07.000000+00'),
(570, 5, 63, 11, '2020-12-09 09:00:24.000000+00'),
(571, 5, 49, 14, '2018-09-26 11:57:46.000000+00'),
(572, 4, 42, 8, '2019-02-01 10:01:16.000000+00'),
(573, 1, 61, 16, '2018-12-26 09:00:17.000000+00'),
(574, 3, 33, 17, '2020-02-17 16:48:27.000000+00'),
(575, 2, 20, 9, '2020-10-24 17:47:19.000000+00'),
(576, 2, 78, 12, '2020-11-07 14:35:00.000000+00'),
(577, 2, 34, 19, '2018-10-21 13:36:59.000000+00'),
(578, 5, 7, 1, '2019-04-06 12:52:21.000000+00'),
(579, 1, 79, 19, '2019-05-25 16:56:58.000000+00'),
(580, 5, 24, 18, '2019-04-10 16:56:51.000000+00'),
(581, 4, 15, 14, '2019-11-17 12:59:46.000000+00'),
(582, 4, 5, 12, '2019-07-09 17:41:01.000000+00'),
(583, 1, 42, 12, '2019-11-04 09:14:30.000000+00'),
(584, 5, 34, 8, '2018-03-13 13:21:35.000000+00'),
(585, 1, 6, 5, '2018-06-03 09:42:14.000000+00'),
(586, 5, 32, 15, '2019-08-10 13:50:40.000000+00'),
(587, 3, 21, 12, '2020-08-30 14:37:34.000000+00'),
(588, 3, 7, 5, '2019-04-25 14:43:54.000000+00'),
(589, 5, 24, 19, '2018-07-20 12:57:53.000000+00'),
(590, 1, 10, 4, '2018-06-11 14:13:35.000000+00'),
(591, 4, 34, 19, '2019-07-04 15:10:23.000000+00'),
(592, 1, 40, 16, '2019-03-07 16:10:16.000000+00'),
(593, 3, 31, 19, '2019-11-29 11:29:07.000000+00'),
(594, 5, 73, 15, '2018-02-08 16:54:34.000000+00'),
(595, 3, 32, 7, '2020-07-13 17:54:12.000000+00'),
(596, 1, 43, 20, '2018-07-28 15:36:36.000000+00'),
(597, 5, 82, 2, '2018-10-17 14:31:02.000000+00'),
(598, 5, 23, 17, '2020-04-07 16:23:01.000000+00'),
(599, 3, 72, 5, '2018-08-10 12:19:46.000000+00'),
(600, 2, 68, 16, '2020-02-17 17:54:36.000000+00'),
(601, 5, 61, 2, '2018-02-25 14:31:23.000000+00'),
(602, 2, 13, 5, '2019-06-19 12:58:54.000000+00'),
(603, 3, 46, 1, '2018-11-25 10:33:13.000000+00'),
(604, 2, 19, 11, '2019-01-18 11:10:46.000000+00'),
(605, 4, 16, 5, '2019-09-02 17:45:24.000000+00'),
(606, 3, 46, 16, '2019-08-15 17:14:18.000000+00'),
(607, 4, 86, 1, '2018-11-10 17:13:21.000000+00'),
(608, 1, 59, 17, '2018-12-11 16:28:35.000000+00'),
(609, 4, 26, 5, '2019-01-08 15:00:59.000000+00'),
(610, 1, 48, 17, '2020-05-01 13:59:33.000000+00'),
(611, 4, 43, 14, '2019-06-20 17:31:12.000000+00'),
(612, 3, 58, 9, '2019-06-25 14:02:18.000000+00'),
(613, 4, 58, 2, '2019-11-13 12:05:26.000000+00'),
(614, 4, 83, 8, '2019-05-05 12:07:52.000000+00'),
(615, 4, 21, 9, '2020-09-30 10:18:45.000000+00'),
(616, 1, 18, 15, '2018-11-25 15:14:27.000000+00'),
(617, 4, 88, 17, '2020-04-01 10:28:45.000000+00'),
(618, 4, 11, 5, '2019-02-08 16:04:47.000000+00'),
(619, 3, 38, 1, '2019-11-18 12:23:25.000000+00'),
(620, 2, 14, 3, '2018-11-18 14:16:55.000000+00'),
(621, 5, 27, 8, '2018-05-04 15:06:39.000000+00'),
(622, 4, 1, 13, '2018-12-10 09:23:54.000000+00'),
(623, 1, 9, 1, '2018-08-25 11:21:39.000000+00'),
(624, 1, 5, 1, '2019-04-16 14:26:38.000000+00'),
(625, 2, 84, 2, '2019-10-27 12:09:01.000000+00'),
(626, 1, 66, 14, '2019-11-09 13:41:15.000000+00'),
(627, 3, 19, 5, '2019-03-20 16:50:37.000000+00'),
(628, 1, 56, 7, '2020-09-11 10:32:59.000000+00'),
(629, 3, 89, 19, '2018-11-30 10:08:20.000000+00'),
(630, 1, 2, 17, '2019-09-10 13:08:42.000000+00'),
(631, 4, 29, 7, '2019-01-19 14:55:13.000000+00'),
(632, 4, 9, 8, '2019-05-07 12:00:43.000000+00'),
(633, 5, 86, 12, '2018-02-11 15:34:21.000000+00'),
(634, 5, 24, 5, '2018-03-19 11:16:21.000000+00'),
(635, 4, 80, 16, '2019-01-29 13:16:34.000000+00'),
(636, 2, 51, 15, '2018-05-28 13:18:54.000000+00'),
(637, 4, 19, 8, '2019-08-17 15:25:01.000000+00'),
(638, 5, 5, 1, '2020-02-10 12:43:58.000000+00'),
(639, 1, 21, 6, '2018-06-27 10:58:27.000000+00'),
(640, 3, 62, 13, '2018-12-19 14:23:33.000000+00'),
(641, 3, 14, 6, '2019-03-22 15:32:21.000000+00'),
(642, 4, 45, 9, '2020-02-03 16:45:50.000000+00'),
(643, 2, 61, 10, '2018-05-05 10:34:23.000000+00'),
(644, 2, 42, 4, '2020-08-25 09:58:22.000000+00'),
(645, 1, 11, 7, '2018-02-01 17:48:49.000000+00'),
(646, 4, 34, 8, '2019-10-24 14:22:32.000000+00'),
(647, 1, 12, 17, '2020-09-13 13:15:32.000000+00'),
(648, 1, 37, 6, '2018-12-11 14:01:08.000000+00'),
(649, 2, 14, 1, '2019-08-12 13:54:56.000000+00'),
(650, 2, 62, 4, '2020-01-14 15:02:08.000000+00'),
(651, 1, 58, 12, '2018-04-30 14:25:18.000000+00'),
(652, 3, 82, 14, '2019-12-12 12:49:13.000000+00'),
(653, 3, 36, 4, '2020-02-23 12:02:36.000000+00'),
(654, 1, 54, 16, '2018-10-22 10:29:51.000000+00'),
(655, 1, 83, 11, '2018-06-02 17:53:21.000000+00'),
(656, 3, 53, 12, '2018-11-19 09:07:35.000000+00'),
(657, 4, 30, 9, '2020-12-15 15:22:55.000000+00'),
(658, 1, 38, 18, '2019-01-25 16:48:00.000000+00'),
(659, 2, 5, 6, '2018-06-21 12:11:41.000000+00'),
(660, 4, 61, 14, '2018-08-30 12:25:06.000000+00'),
(661, 2, 84, 16, '2020-02-28 10:20:05.000000+00'),
(662, 2, 2, 20, '2020-03-21 12:59:18.000000+00'),
(663, 3, 9, 6, '2018-04-20 16:36:35.000000+00'),
(664, 2, 20, 10, '2020-10-01 16:30:01.000000+00'),
(665, 4, 29, 3, '2018-11-07 16:03:22.000000+00'),
(666, 3, 6, 7, '2020-01-26 17:21:00.000000+00'),
(667, 3, 14, 4, '2020-03-10 12:53:05.000000+00'),
(668, 2, 86, 15, '2020-07-08 12:42:28.000000+00'),
(669, 2, 35, 7, '2020-02-12 15:32:01.000000+00'),
(670, 4, 13, 1, '2020-07-18 15:14:54.000000+00'),
(671, 5, 1, 5, '2018-09-03 09:47:48.000000+00'),
(672, 4, 49, 16, '2019-01-28 17:50:42.000000+00'),
(673, 3, 16, 16, '2019-01-28 10:14:27.000000+00'),
(674, 5, 45, 12, '2019-12-21 09:03:25.000000+00'),
(675, 3, 17, 12, '2019-09-18 15:05:00.000000+00'),
(676, 1, 22, 17, '2020-07-26 11:46:35.000000+00'),
(677, 1, 77, 18, '2020-05-08 10:58:11.000000+00'),
(678, 1, 8, 7, '2020-07-07 10:36:17.000000+00'),
(679, 4, 30, 17, '2019-01-26 17:39:44.000000+00'),
(680, 5, 71, 6, '2018-05-22 11:20:09.000000+00'),
(681, 5, 70, 9, '2020-11-03 17:12:35.000000+00'),
(682, 5, 66, 13, '2019-01-16 15:33:47.000000+00'),
(683, 5, 50, 19, '2019-11-18 13:10:10.000000+00'),
(684, 1, 44, 16, '2019-05-02 13:46:39.000000+00'),
(685, 5, 5, 16, '2019-04-11 15:51:07.000000+00'),
(686, 5, 82, 3, '2018-05-21 11:56:36.000000+00'),
(687, 5, 82, 19, '2020-04-30 13:20:28.000000+00'),
(688, 1, 30, 13, '2019-11-04 14:16:37.000000+00'),
(689, 4, 69, 4, '2020-01-09 16:39:42.000000+00'),
(690, 3, 30, 17, '2020-08-24 14:05:22.000000+00'),
(691, 5, 9, 8, '2018-03-07 14:16:39.000000+00'),
(692, 2, 55, 14, '2020-08-21 13:30:18.000000+00'),
(693, 2, 26, 10, '2019-03-19 09:58:30.000000+00'),
(694, 5, 73, 15, '2019-06-01 09:07:10.000000+00'),
(695, 1, 68, 5, '2018-01-10 16:35:40.000000+00'),
(696, 5, 70, 10, '2020-09-04 11:13:21.000000+00'),
(697, 3, 83, 1, '2020-06-01 14:36:57.000000+00'),
(698, 4, 31, 14, '2019-09-01 13:31:47.000000+00'),
(699, 5, 43, 5, '2020-06-28 16:57:34.000000+00'),
(700, 5, 15, 10, '2019-04-17 13:54:31.000000+00'),
(701, 1, 19, 6, '2018-06-16 13:11:33.000000+00'),
(702, 4, 54, 4, '2018-01-06 09:55:26.000000+00'),
(703, 4, 59, 6, '2019-03-25 09:30:00.000000+00'),
(704, 5, 23, 19, '2019-05-06 09:20:16.000000+00'),
(705, 1, 13, 9, '2019-09-08 13:18:08.000000+00'),
(706, 1, 28, 18, '2020-10-18 11:24:17.000000+00'),
(707, 4, 38, 8, '2020-03-17 16:46:00.000000+00'),
(708, 1, 55, 17, '2019-11-23 13:11:23.000000+00'),
(709, 4, 75, 5, '2019-03-06 15:09:43.000000+00'),
(710, 1, 19, 5, '2019-04-11 15:04:54.000000+00'),
(711, 2, 85, 6, '2018-09-22 17:16:43.000000+00'),
(712, 2, 25, 11, '2018-11-14 16:59:07.000000+00'),
(713, 3, 87, 2, '2018-02-03 17:14:22.000000+00'),
(714, 1, 22, 11, '2019-03-02 11:44:40.000000+00'),
(715, 5, 7, 12, '2019-04-09 10:35:21.000000+00'),
(716, 1, 39, 15, '2019-11-24 09:12:57.000000+00'),
(717, 3, 12, 5, '2019-05-15 16:00:20.000000+00'),
(718, 1, 31, 9, '2019-02-03 16:36:10.000000+00'),
(719, 5, 15, 4, '2018-04-25 15:40:52.000000+00'),
(720, 1, 88, 9, '2020-02-03 10:22:45.000000+00'),
(721, 2, 13, 8, '2019-08-12 12:45:46.000000+00'),
(722, 3, 41, 15, '2020-08-22 16:54:48.000000+00'),
(723, 1, 45, 10, '2020-08-19 15:35:12.000000+00'),
(724, 3, 89, 6, '2019-09-15 14:25:29.000000+00'),
(725, 5, 68, 20, '2019-12-03 11:20:00.000000+00'),
(726, 4, 51, 12, '2018-06-19 10:39:33.000000+00'),
(727, 3, 67, 19, '2020-08-09 17:52:27.000000+00'),
(728, 1, 77, 12, '2018-06-27 17:28:27.000000+00'),
(729, 3, 7, 12, '2018-10-17 15:53:19.000000+00'),
(730, 4, 86, 12, '2019-12-21 15:30:03.000000+00'),
(731, 4, 25, 1, '2018-01-26 12:02:02.000000+00'),
(732, 1, 59, 3, '2018-02-08 16:48:50.000000+00'),
(733, 2, 15, 2, '2018-07-07 15:58:49.000000+00'),
(734, 5, 52, 1, '2018-01-21 14:36:52.000000+00'),
(735, 1, 41, 7, '2019-10-28 16:25:09.000000+00'),
(736, 4, 28, 10, '2019-12-05 13:01:07.000000+00'),
(737, 1, 77, 16, '2018-01-12 15:28:43.000000+00'),
(738, 3, 12, 6, '2019-06-15 10:40:00.000000+00'),
(739, 5, 12, 5, '2020-08-10 11:23:41.000000+00'),
(740, 3, 72, 10, '2018-02-04 16:40:32.000000+00'),
(741, 2, 14, 6, '2018-11-12 15:28:11.000000+00'),
(742, 3, 60, 8, '2020-03-13 10:22:18.000000+00'),
(743, 3, 43, 3, '2020-11-13 14:24:51.000000+00'),
(744, 2, 45, 20, '2018-10-04 09:06:58.000000+00'),
(745, 3, 75, 3, '2018-09-30 11:21:00.000000+00'),
(746, 3, 43, 1, '2019-07-27 11:27:35.000000+00'),
(747, 1, 69, 19, '2019-06-26 10:29:52.000000+00'),
(748, 4, 18, 9, '2018-05-17 13:36:41.000000+00'),
(749, 3, 37, 10, '2018-01-04 13:35:03.000000+00'),
(750, 3, 58, 5, '2018-03-15 09:55:04.000000+00'),
(751, 2, 30, 1, '2020-03-19 14:57:55.000000+00'),
(752, 5, 47, 19, '2019-09-01 16:37:18.000000+00'),
(753, 5, 18, 5, '2020-06-23 10:41:06.000000+00'),
(754, 2, 43, 20, '2020-02-21 17:31:45.000000+00'),
(755, 5, 80, 16, '2018-05-11 13:52:12.000000+00'),
(756, 4, 33, 20, '2019-08-09 09:58:52.000000+00'),
(757, 5, 50, 13, '2020-02-12 12:14:03.000000+00'),
(758, 5, 77, 5, '2018-04-28 09:57:04.000000+00'),
(759, 5, 8, 19, '2019-08-28 12:39:17.000000+00'),
(760, 3, 89, 4, '2020-08-10 15:31:15.000000+00'),
(761, 3, 78, 19, '2018-02-21 11:50:58.000000+00'),
(762, 1, 89, 7, '2020-11-05 16:48:41.000000+00'),
(763, 2, 33, 13, '2020-01-22 16:52:02.000000+00'),
(764, 2, 45, 3, '2018-12-05 09:02:10.000000+00'),
(765, 4, 67, 5, '2020-12-26 14:48:09.000000+00'),
(766, 3, 39, 9, '2019-09-12 17:05:27.000000+00'),
(767, 2, 23, 14, '2019-06-11 12:31:55.000000+00'),
(768, 2, 32, 10, '2018-02-04 09:42:18.000000+00'),
(769, 3, 20, 1, '2020-05-20 12:35:54.000000+00'),
(770, 5, 49, 6, '2020-05-11 14:32:34.000000+00'),
(771, 4, 57, 20, '2018-06-16 16:25:19.000000+00'),
(772, 3, 9, 5, '2019-06-25 10:42:57.000000+00'),
(773, 5, 89, 16, '2019-10-15 14:53:06.000000+00'),
(774, 5, 20, 14, '2018-05-26 12:27:09.000000+00'),
(775, 5, 6, 1, '2018-12-26 11:14:28.000000+00'),
(776, 1, 48, 7, '2020-02-19 09:10:57.000000+00'),
(777, 1, 36, 10, '2018-07-19 11:53:53.000000+00'),
(778, 4, 44, 2, '2020-04-19 12:20:16.000000+00'),
(779, 3, 49, 20, '2018-06-21 17:50:15.000000+00'),
(780, 2, 71, 6, '2019-07-07 15:02:14.000000+00'),
(781, 2, 38, 9, '2020-11-20 12:14:39.000000+00'),
(782, 3, 25, 5, '2018-06-25 14:13:30.000000+00'),
(783, 2, 34, 10, '2018-12-09 11:18:23.000000+00'),
(784, 2, 57, 3, '2018-02-02 15:57:01.000000+00'),
(785, 1, 72, 1, '2019-03-11 12:25:23.000000+00'),
(786, 3, 22, 11, '2019-04-20 14:51:41.000000+00'),
(787, 4, 39, 18, '2019-05-10 17:15:56.000000+00'),
(788, 5, 52, 9, '2018-04-23 09:32:38.000000+00'),
(789, 2, 88, 8, '2019-09-27 15:19:30.000000+00'),
(790, 3, 82, 20, '2019-12-03 11:30:14.000000+00'),
(791, 3, 24, 17, '2019-07-19 15:44:25.000000+00'),
(792, 4, 17, 12, '2019-05-22 10:45:21.000000+00'),
(793, 1, 49, 5, '2020-05-30 15:50:34.000000+00'),
(794, 4, 43, 4, '2019-08-30 14:42:54.000000+00'),
(795, 5, 13, 5, '2018-03-05 17:16:23.000000+00'),
(796, 3, 34, 19, '2019-05-23 12:31:42.000000+00'),
(797, 2, 28, 15, '2018-04-13 17:12:34.000000+00'),
(798, 2, 4, 1, '2019-11-13 17:48:33.000000+00'),
(799, 1, 71, 5, '2019-11-28 17:50:30.000000+00'),
(800, 2, 78, 6, '2019-02-24 09:28:10.000000+00'),
(801, 1, 46, 14, '2020-03-01 12:39:52.000000+00'),
(802, 4, 71, 10, '2018-10-30 11:22:56.000000+00'),
(803, 2, 39, 4, '2020-04-29 13:55:52.000000+00'),
(804, 4, 75, 15, '2019-10-06 17:00:19.000000+00'),
(805, 4, 14, 20, '2020-10-18 10:38:33.000000+00'),
(806, 5, 2, 15, '2019-08-05 15:07:48.000000+00'),
(807, 1, 4, 1, '2020-03-04 10:52:11.000000+00'),
(808, 1, 6, 11, '2018-03-30 16:58:11.000000+00'),
(809, 4, 55, 13, '2019-03-17 10:20:32.000000+00'),
(810, 1, 80, 20, '2020-04-08 10:49:27.000000+00'),
(811, 1, 31, 20, '2018-10-26 17:20:13.000000+00'),
(812, 3, 62, 18, '2020-09-24 12:04:59.000000+00'),
(813, 2, 35, 8, '2019-12-30 11:31:54.000000+00'),
(814, 4, 42, 20, '2020-02-08 17:56:23.000000+00'),
(815, 2, 7, 2, '2019-08-23 10:55:33.000000+00'),
(816, 1, 1, 13, '2018-07-24 16:40:31.000000+00'),
(817, 5, 45, 9, '2019-07-12 10:18:43.000000+00'),
(818, 3, 54, 17, '2020-06-23 11:00:50.000000+00'),
(819, 3, 49, 5, '2018-03-22 16:51:36.000000+00'),
(820, 3, 46, 10, '2019-05-02 15:42:01.000000+00'),
(821, 2, 3, 11, '2020-08-24 09:09:46.000000+00'),
(822, 4, 66, 11, '2018-12-05 10:50:58.000000+00'),
(823, 4, 47, 16, '2018-10-15 13:55:15.000000+00'),
(824, 4, 44, 7, '2018-01-03 16:44:32.000000+00'),
(825, 2, 22, 13, '2018-06-26 16:01:23.000000+00'),
(826, 1, 61, 1, '2019-04-12 10:19:40.000000+00'),
(827, 1, 82, 8, '2019-04-28 14:35:14.000000+00'),
(828, 3, 49, 17, '2019-01-03 13:14:51.000000+00'),
(829, 2, 2, 16, '2020-03-09 12:48:42.000000+00'),
(830, 1, 88, 19, '2019-01-19 11:23:42.000000+00'),
(831, 5, 22, 7, '2018-05-15 11:49:02.000000+00'),
(832, 4, 85, 10, '2019-01-24 12:31:18.000000+00'),
(833, 4, 10, 1, '2019-04-04 14:04:40.000000+00'),
(834, 2, 27, 18, '2020-05-25 17:06:48.000000+00'),
(835, 5, 76, 16, '2018-06-20 17:37:34.000000+00'),
(836, 3, 78, 19, '2019-03-21 15:53:25.000000+00'),
(837, 1, 4, 5, '2020-11-12 10:39:46.000000+00'),
(838, 5, 71, 10, '2018-03-03 09:44:05.000000+00'),
(839, 5, 34, 2, '2018-01-26 09:21:43.000000+00'),
(840, 1, 24, 2, '2019-09-19 15:27:23.000000+00'),
(841, 5, 57, 18, '2019-04-02 12:46:05.000000+00'),
(842, 5, 6, 8, '2020-05-06 10:58:11.000000+00'),
(843, 4, 32, 13, '2019-02-14 15:57:03.000000+00'),
(844, 4, 30, 20, '2020-11-11 16:36:26.000000+00'),
(845, 1, 12, 6, '2019-08-22 12:38:47.000000+00'),
(846, 3, 18, 17, '2018-01-21 13:17:24.000000+00'),
(847, 1, 1, 3, '2019-06-29 13:00:33.000000+00'),
(848, 4, 47, 15, '2018-07-29 15:02:01.000000+00'),
(849, 2, 37, 8, '2019-04-04 13:22:52.000000+00'),
(850, 2, 44, 13, '2020-07-16 13:53:07.000000+00'),
(851, 1, 60, 16, '2019-11-15 14:45:24.000000+00'),
(852, 3, 39, 5, '2018-10-04 13:07:13.000000+00'),
(853, 2, 8, 9, '2018-01-17 12:40:56.000000+00'),
(854, 4, 45, 16, '2020-03-02 16:16:03.000000+00'),
(855, 4, 53, 14, '2018-07-21 09:26:47.000000+00'),
(856, 5, 59, 7, '2019-11-12 11:26:14.000000+00'),
(857, 4, 56, 16, '2018-05-06 09:52:58.000000+00'),
(858, 4, 20, 16, '2020-07-28 15:53:59.000000+00'),
(859, 4, 23, 8, '2019-08-30 10:57:09.000000+00'),
(860, 2, 20, 6, '2020-06-23 16:39:14.000000+00'),
(861, 1, 9, 7, '2019-12-15 16:07:25.000000+00'),
(862, 3, 61, 13, '2018-10-04 12:31:39.000000+00'),
(863, 5, 46, 3, '2020-12-12 09:32:27.000000+00'),
(864, 2, 63, 4, '2020-10-03 15:06:05.000000+00'),
(865, 1, 1, 17, '2018-09-19 09:46:01.000000+00'),
(866, 2, 78, 6, '2020-11-09 13:50:01.000000+00'),
(867, 5, 15, 3, '2019-02-23 16:07:11.000000+00'),
(868, 2, 44, 10, '2020-05-06 14:21:39.000000+00'),
(869, 5, 61, 1, '2020-03-29 17:22:43.000000+00'),
(870, 3, 77, 13, '2018-07-23 17:13:04.000000+00'),
(871, 5, 28, 14, '2020-03-14 09:40:11.000000+00'),
(872, 4, 24, 2, '2020-05-21 10:16:47.000000+00'),
(873, 4, 41, 9, '2020-11-01 11:06:55.000000+00'),
(874, 1, 39, 16, '2018-04-28 12:31:30.000000+00'),
(875, 3, 77, 9, '2020-04-09 16:05:06.000000+00'),
(876, 1, 82, 13, '2018-08-13 09:30:05.000000+00'),
(877, 4, 44, 9, '2018-10-04 14:30:00.000000+00'),
(878, 2, 48, 4, '2020-02-17 13:28:18.000000+00'),
(879, 3, 69, 14, '2018-12-08 09:55:28.000000+00'),
(880, 1, 31, 17, '2019-01-21 13:35:52.000000+00'),
(881, 5, 86, 11, '2019-02-06 12:35:29.000000+00'),
(882, 2, 10, 6, '2019-09-23 15:14:11.000000+00'),
(883, 1, 4, 14, '2020-02-27 10:50:16.000000+00'),
(884, 2, 73, 2, '2020-03-17 15:42:44.000000+00'),
(885, 3, 15, 7, '2020-06-13 16:20:32.000000+00'),
(886, 2, 48, 2, '2019-06-22 16:45:54.000000+00'),
(887, 4, 25, 15, '2019-12-08 12:26:02.000000+00'),
(888, 1, 5, 7, '2019-07-26 15:50:09.000000+00'),
(889, 3, 20, 17, '2019-12-25 10:01:19.000000+00'),
(890, 2, 74, 14, '2020-12-23 16:02:29.000000+00'),
(891, 3, 3, 16, '2020-12-18 12:09:49.000000+00'),
(892, 3, 40, 3, '2019-04-16 15:33:01.000000+00'),
(893, 3, 12, 11, '2018-10-18 10:27:33.000000+00'),
(894, 1, 48, 12, '2018-08-20 14:51:25.000000+00'),
(895, 3, 87, 10, '2018-01-29 15:05:38.000000+00'),
(896, 2, 33, 5, '2020-06-29 12:01:53.000000+00'),
(897, 3, 54, 9, '2018-10-26 12:00:51.000000+00'),
(898, 2, 22, 7, '2018-10-21 12:50:52.000000+00'),
(899, 5, 30, 16, '2018-09-07 09:27:34.000000+00'),
(900, 5, 79, 11, '2020-03-22 14:26:39.000000+00'),
(901, 2, 80, 13, '2018-05-02 16:52:25.000000+00'),
(902, 3, 32, 7, '2019-08-30 14:45:36.000000+00'),
(903, 5, 51, 16, '2019-12-01 11:16:55.000000+00'),
(904, 3, 27, 14, '2018-08-15 13:23:27.000000+00'),
(905, 1, 7, 9, '2020-01-13 17:55:44.000000+00'),
(906, 4, 47, 3, '2018-08-26 10:43:31.000000+00'),
(907, 1, 28, 1, '2020-01-16 10:11:50.000000+00'),
(908, 2, 24, 10, '2020-12-05 09:28:53.000000+00'),
(909, 2, 20, 8, '2020-08-03 17:36:25.000000+00'),
(910, 2, 71, 18, '2018-06-25 14:30:17.000000+00'),
(911, 2, 43, 1, '2020-05-03 14:14:03.000000+00'),
(912, 2, 70, 19, '2019-08-19 09:33:39.000000+00'),
(913, 2, 14, 7, '2020-10-29 10:57:56.000000+00'),
(914, 3, 52, 15, '2019-11-14 14:57:17.000000+00'),
(915, 4, 29, 5, '2018-10-24 09:53:19.000000+00'),
(916, 5, 75, 15, '2019-10-05 12:52:43.000000+00'),
(917, 1, 29, 1, '2019-11-29 09:28:26.000000+00'),
(918, 2, 51, 3, '2018-11-28 15:47:49.000000+00'),
(919, 1, 72, 17, '2019-04-09 10:06:24.000000+00'),
(920, 3, 17, 3, '2019-07-04 11:18:28.000000+00'),
(921, 5, 26, 6, '2018-09-08 13:55:29.000000+00'),
(922, 5, 22, 16, '2019-04-24 17:56:49.000000+00'),
(923, 5, 1, 10, '2020-06-16 13:05:04.000000+00'),
(924, 3, 8, 6, '2020-03-21 12:37:13.000000+00'),
(925, 4, 30, 16, '2020-12-07 16:25:24.000000+00'),
(926, 5, 68, 8, '2019-11-08 09:20:36.000000+00'),
(927, 1, 16, 9, '2018-10-25 11:32:08.000000+00'),
(928, 4, 65, 10, '2020-05-02 12:00:16.000000+00'),
(929, 5, 30, 8, '2020-07-07 10:43:59.000000+00'),
(930, 1, 60, 3, '2019-01-14 15:37:23.000000+00'),
(931, 5, 11, 3, '2019-09-23 13:12:01.000000+00'),
(932, 3, 35, 13, '2019-09-26 15:26:54.000000+00'),
(933, 4, 68, 4, '2019-05-24 16:06:43.000000+00'),
(934, 1, 47, 20, '2018-06-16 13:03:58.000000+00'),
(935, 3, 39, 18, '2020-11-16 11:03:57.000000+00'),
(936, 3, 19, 18, '2020-06-03 10:18:48.000000+00'),
(937, 3, 66, 1, '2018-07-01 12:27:56.000000+00'),
(938, 1, 62, 1, '2020-08-10 16:35:53.000000+00'),
(939, 2, 89, 10, '2019-01-22 14:59:54.000000+00'),
(940, 1, 61, 19, '2018-06-15 17:24:48.000000+00'),
(941, 2, 46, 19, '2018-07-26 13:01:02.000000+00'),
(942, 5, 46, 10, '2020-04-15 12:28:50.000000+00'),
(943, 1, 72, 11, '2018-04-13 11:38:11.000000+00'),
(944, 4, 67, 8, '2018-07-25 17:09:48.000000+00'),
(945, 4, 9, 7, '2018-06-21 12:46:05.000000+00'),
(946, 2, 74, 4, '2020-05-09 14:05:42.000000+00'),
(947, 1, 43, 18, '2019-02-11 10:05:11.000000+00'),
(948, 3, 52, 6, '2018-04-09 12:25:09.000000+00'),
(949, 5, 61, 17, '2020-09-01 17:32:33.000000+00'),
(950, 4, 57, 11, '2020-07-13 09:03:22.000000+00'),
(951, 5, 6, 10, '2019-02-19 09:55:56.000000+00'),
(952, 3, 34, 18, '2018-12-12 15:47:44.000000+00'),
(953, 4, 1, 11, '2018-09-29 17:35:43.000000+00'),
(954, 4, 60, 6, '2020-07-01 17:57:06.000000+00'),
(955, 1, 69, 19, '2019-05-23 14:38:01.000000+00'),
(956, 5, 55, 3, '2018-04-12 15:57:08.000000+00'),
(957, 2, 57, 20, '2018-10-21 16:23:35.000000+00'),
(958, 2, 45, 15, '2019-05-29 17:58:57.000000+00'),
(959, 4, 73, 12, '2019-04-08 13:58:20.000000+00'),
(960, 3, 49, 18, '2020-03-03 09:24:14.000000+00'),
(961, 2, 41, 4, '2019-11-27 14:31:06.000000+00'),
(962, 3, 27, 17, '2018-06-27 15:27:16.000000+00'),
(963, 1, 1, 8, '2020-02-27 17:11:19.000000+00'),
(964, 4, 21, 1, '2018-01-28 13:28:41.000000+00'),
(965, 1, 38, 18, '2018-10-07 12:30:05.000000+00'),
(966, 3, 11, 11, '2020-05-21 15:23:35.000000+00'),
(967, 5, 34, 12, '2019-03-05 13:50:22.000000+00'),
(968, 5, 9, 9, '2019-10-25 15:32:15.000000+00'),
(969, 4, 86, 1, '2019-09-22 10:44:58.000000+00'),
(970, 3, 23, 12, '2018-07-15 14:58:05.000000+00'),
(971, 1, 14, 4, '2018-07-29 12:09:11.000000+00'),
(972, 2, 25, 8, '2018-04-29 09:12:29.000000+00'),
(973, 4, 75, 4, '2019-03-23 14:18:45.000000+00'),
(974, 1, 57, 4, '2019-02-27 12:28:19.000000+00'),
(975, 4, 60, 14, '2019-10-03 13:59:35.000000+00'),
(976, 1, 36, 12, '2018-10-12 16:38:33.000000+00'),
(977, 5, 59, 1, '2020-04-27 14:36:26.000000+00'),
(978, 4, 56, 18, '2018-10-29 16:40:26.000000+00'),
(979, 4, 62, 18, '2020-11-29 10:57:19.000000+00'),
(980, 3, 1, 20, '2018-11-06 09:24:44.000000+00'),
(981, 1, 41, 15, '2018-07-12 17:09:47.000000+00'),
(982, 1, 14, 2, '2019-03-16 16:44:39.000000+00'),
(983, 1, 64, 18, '2019-04-14 10:01:18.000000+00'),
(984, 3, 6, 10, '2018-04-12 16:35:39.000000+00'),
(985, 2, 14, 5, '2019-11-22 17:16:13.000000+00');
